{
  "AG": {
    "Baseline": 0,
    "Before_Adaptation": {
      "RCP26": 0,
      "RCP26_high": 0,
      "RCP26_low": 0,
      "RCP45": 0,
      "RCP45_high": 0,
      "RCP45_low": 0,
      "RCP85": 0,
      "RCP85_high": 0,
      "RCP85_low": 0
    },
    "After_Adaptation": {
      "RCP26": 0,
      "RCP26_high": 0,
      "RCP26_low": 0,
      "RCP45": 0,
      "RCP45_high": 0,
      "RCP45_low": 0,
      "RCP85": 0,
      "RCP85_high": 0,
      "RCP85_low": 0
    }
  },
  "AI": {
    "Baseline": 4.85199097072086,
    "Before_Adaptation": {
      "RCP26": 98.89,
      "RCP26_high": 102.31,
      "RCP26_low": 97.36,
      "RCP45": 98.75,
      "RCP45_high": 101.99000000000001,
      "RCP45_low": 97.47999999999999,
      "RCP85": 99.6,
      "RCP85_high": 103.53,
      "RCP85_low": 97.93
    },
    "After_Adaptation": {
      "RCP26": 88.16,
      "RCP26_high": 91.67,
      "RCP26_low": 85.53,
      "RCP45": 87.94,
      "RCP45_high": 91.02,
      "RCP45_low": 84.27,
      "RCP85": 88.47,
      "RCP85_high": 92.39,
      "RCP85_low": 84.03
    }
  },
  "AR": {
    "Baseline": 0,
    "Before_Adaptation": {
      "RCP26": 0,
      "RCP26_high": 0,
      "RCP26_low": 0,
      "RCP45": 0,
      "RCP45_high": 0,
      "RCP45_low": 0,
      "RCP85": 0,
      "RCP85_high": 0,
      "RCP85_low": 0
    },
    "After_Adaptation": {
      "RCP26": 0,
      "RCP26_high": 0,
      "RCP26_low": 0,
      "RCP45": 0,
      "RCP45_high": 0,
      "RCP45_low": 0,
      "RCP85": 0,
      "RCP85_high": 0,
      "RCP85_low": 0
    }
  },
  "BE": {
    "Baseline": 0.9282680290372731,
    "Before_Adaptation": {
      "RCP26": 0.92,
      "RCP26_high": 0.94,
      "RCP26_low": 0.9,
      "RCP45": 0.92,
      "RCP45_high": 0.92,
      "RCP45_low": 0.9,
      "RCP85": 0.92,
      "RCP85_high": 0.92,
      "RCP85_low": 0.9
    },
    "After_Adaptation": {
      "RCP26": 0.8,
      "RCP26_high": 0.84,
      "RCP26_low": 0.74,
      "RCP45": 0.8,
      "RCP45_high": 0.82,
      "RCP45_low": 0.71,
      "RCP85": 0.78,
      "RCP85_high": 0.82,
      "RCP85_low": 0.67
    }
  },
  "BL": {
    "Baseline": 33.18827331948176,
    "Before_Adaptation": {
      "RCP26": 42.89,
      "RCP26_high": 43.980000000000004,
      "RCP26_low": 42.16,
      "RCP45": 43.260000000000005,
      "RCP45_high": 44.34,
      "RCP45_low": 42.42,
      "RCP85": 43.29,
      "RCP85_high": 44.56,
      "RCP85_low": 42.489999999999995
    },
    "After_Adaptation": {
      "RCP26": 37.36,
      "RCP26_high": 38.97,
      "RCP26_low": 33.769999999999996,
      "RCP45": 37.5,
      "RCP45_high": 39.32,
      "RCP45_low": 32.72,
      "RCP85": 37.09,
      "RCP85_high": 39.269999999999996,
      "RCP85_low": 31.49
    }
  },
  "BS": {
    "Baseline": 67.35909876662755,
    "Before_Adaptation": {
      "RCP26": 96.62,
      "RCP26_high": 97.68,
      "RCP26_low": 95.71000000000001,
      "RCP45": 96.8,
      "RCP45_high": 97.93,
      "RCP45_low": 95.72,
      "RCP85": 96.64,
      "RCP85_high": 97.65,
      "RCP85_low": 95.81
    },
    "After_Adaptation": {
      "RCP26": 84.28,
      "RCP26_high": 87.21000000000001,
      "RCP26_low": 75.84,
      "RCP45": 83.75,
      "RCP45_high": 87.49,
      "RCP45_low": 72.31,
      "RCP85": 82.55000000000001,
      "RCP85_high": 87.06,
      "RCP85_low": 69.12
    }
  },
  "FR": {
    "Baseline": 1.6842675794624342,
    "Before_Adaptation": {
      "RCP26": 1.8,
      "RCP26_high": 1.82,
      "RCP26_low": 1.8,
      "RCP45": 1.81,
      "RCP45_high": 1.82,
      "RCP45_low": 1.8,
      "RCP85": 1.8,
      "RCP85_high": 1.82,
      "RCP85_low": 1.8
    },
    "After_Adaptation": {
      "RCP26": 1.58,
      "RCP26_high": 1.62,
      "RCP26_low": 1.46,
      "RCP45": 1.58,
      "RCP45_high": 1.62,
      "RCP45_low": 1.41,
      "RCP85": 1.56,
      "RCP85_high": 1.62,
      "RCP85_low": 1.35
    }
  },
  "GE": {
    "Baseline": 14.69626706904833,
    "Before_Adaptation": {
      "RCP26": 14.6,
      "RCP26_high": 14.74,
      "RCP26_low": 14.47,
      "RCP45": 14.54,
      "RCP45_high": 14.67,
      "RCP45_low": 14.41,
      "RCP85": 14.51,
      "RCP85_high": 14.629999999999999,
      "RCP85_low": 14.39
    },
    "After_Adaptation": {
      "RCP26": 12.52,
      "RCP26_high": 13.09,
      "RCP26_low": 11.09,
      "RCP45": 12.33,
      "RCP45_high": 13.01,
      "RCP45_low": 10.41,
      "RCP85": 12.02,
      "RCP85_high": 12.93,
      "RCP85_low": 9.8
    }
  },
  "GL": {
    "Baseline": 7.487002657449815,
    "Before_Adaptation": {
      "RCP26": 27.869999999999997,
      "RCP26_high": 28.34,
      "RCP26_low": 27.3,
      "RCP45": 27.7,
      "RCP45_high": 28.25,
      "RCP45_low": 27.15,
      "RCP85": 27.79,
      "RCP85_high": 28.22,
      "RCP85_low": 27.3
    },
    "After_Adaptation": {
      "RCP26": 24.549999999999997,
      "RCP26_high": 25.32,
      "RCP26_low": 23.02,
      "RCP45": 24.189999999999998,
      "RCP45_high": 25.15,
      "RCP45_low": 21.96,
      "RCP85": 24.07,
      "RCP85_high": 25.14,
      "RCP85_low": 21.28
    }
  },
  "GR": {
    "Baseline": 40.2652701523631,
    "Before_Adaptation": {
      "RCP26": 41.1,
      "RCP26_high": 41.22,
      "RCP26_low": 40.94,
      "RCP45": 41.15,
      "RCP45_high": 41.26,
      "RCP45_low": 40.989999999999995,
      "RCP85": 41.17,
      "RCP85_high": 41.269999999999996,
      "RCP85_low": 41.019999999999996
    },
    "After_Adaptation": {
      "RCP26": 35.849999999999994,
      "RCP26_high": 36.81,
      "RCP26_low": 32.31,
      "RCP45": 35.480000000000004,
      "RCP45_high": 36.86,
      "RCP45_low": 30.27,
      "RCP85": 34.900000000000006,
      "RCP85_high": 36.82,
      "RCP85_low": 28.66
    }
  },
  "JU": {
    "Baseline": 6.008893697862268,
    "Before_Adaptation": {
      "RCP26": 14.5,
      "RCP26_high": 14.66,
      "RCP26_low": 14.28,
      "RCP45": 14.42,
      "RCP45_high": 14.6,
      "RCP45_low": 14.28,
      "RCP85": 14.39,
      "RCP85_high": 14.57,
      "RCP85_low": 14.24
    },
    "After_Adaptation": {
      "RCP26": 12.59,
      "RCP26_high": 13.08,
      "RCP26_low": 11.309999999999999,
      "RCP45": 12.43,
      "RCP45_high": 13,
      "RCP45_low": 10.690000000000001,
      "RCP85": 12.21,
      "RCP85_high": 12.93,
      "RCP85_low": 10.18
    }
  },
  "LU": {
    "Baseline": 33.83441144514976,
    "Before_Adaptation": {
      "RCP26": 33.78,
      "RCP26_high": 33.92,
      "RCP26_low": 33.629999999999995,
      "RCP45": 33.769999999999996,
      "RCP45_high": 33.89,
      "RCP45_low": 33.629999999999995,
      "RCP85": 33.71,
      "RCP85_high": 33.85,
      "RCP85_low": 33.56
    },
    "After_Adaptation": {
      "RCP26": 29.619999999999997,
      "RCP26_high": 30.3,
      "RCP26_low": 27.299999999999997,
      "RCP45": 29.380000000000003,
      "RCP45_high": 30.270000000000003,
      "RCP45_low": 26.03,
      "RCP85": 28.97,
      "RCP85_high": 30.18,
      "RCP85_low": 24.93
    }
  },
  "NE": {
    "Baseline": 6.999694883079927,
    "Before_Adaptation": {
      "RCP26": 7.76,
      "RCP26_high": 7.84,
      "RCP26_low": 7.67,
      "RCP45": 7.73,
      "RCP45_high": 7.8,
      "RCP45_low": 7.64,
      "RCP85": 7.71,
      "RCP85_high": 7.79,
      "RCP85_low": 7.64
    },
    "After_Adaptation": {
      "RCP26": 6.77,
      "RCP26_high": 6.98,
      "RCP26_low": 6.199999999999999,
      "RCP45": 6.699999999999999,
      "RCP45_high": 6.95,
      "RCP45_low": 5.91,
      "RCP85": 6.6,
      "RCP85_high": 6.93,
      "RCP85_low": 5.66
    }
  },
  "NW": {
    "Baseline": 0.022807607648018036,
    "Before_Adaptation": {
      "RCP26": 0.14,
      "RCP26_high": 0.14,
      "RCP26_low": 0.14,
      "RCP45": 0.14,
      "RCP45_high": 0.14,
      "RCP45_low": 0.14,
      "RCP85": 0.14,
      "RCP85_high": 0.14,
      "RCP85_low": 0.14
    },
    "After_Adaptation": {
      "RCP26": 0.12,
      "RCP26_high": 0.12,
      "RCP26_low": 0.12,
      "RCP45": 0.12,
      "RCP45_high": 0.12,
      "RCP45_low": 0.12,
      "RCP85": 0.12,
      "RCP85_high": 0.12,