{
  "AG": {
    "Baseline": 1541.178858196718,
    "Before_Adaptation": {
      "RCP26": 1540.42,
      "RCP26_high": 1568.77,
      "RCP26_low": 1502.22,
      "RCP45": 1531.4,
      "RCP45_high": 1564.37,
      "RCP45_low": 1492.45,
      "RCP85": 1531.04,
      "RCP85_high": 1551.76,
      "RCP85_low": 1493.67
    },
    "After_Adaptation": {
      "RCP26": 1334.74,
      "RCP26_high": 1394.01,
      "RCP26_low": 1195.4899999999998,
      "RCP45": 1313.57,
      "RCP45_high": 1387.12,
      "RCP45_low": 1128.6399999999999,
      "RCP85": 1292.3600000000001,
      "RCP85_high": 1376.45,
      "RCP85_low": 1078.85
    }
  },
  "AI": {
    "Baseline": 4.382541003552938,
    "Before_Adaptation": {
      "RCP26": 11.98,
      "RCP26_high": 12.06,
      "RCP26_low": 11.92,
      "RCP45": 12.01,
      "RCP45_high": 12.08,
      "RCP45_low": 11.92,
      "RCP85": 11.99,
      "RCP85_high": 12.06,
      "RCP85_low": 11.92
    },
    "After_Adaptation": {
      "RCP26": 10.68,
      "RCP26_high": 10.79,
      "RCP26_low": 10.3,
      "RCP45": 10.68,
      "RCP45_high": 10.81,
      "RCP45_low": 10.11,
      "RCP85": 10.629999999999999,
      "RCP85_high": 10.8,
      "RCP85_low": 9.93
    }
  },
  "AR": {
    "Baseline": 220.90556629577392,
    "Before_Adaptation": {
      "RCP26": 223.78,
      "RCP26_high": 229.06,
      "RCP26_low": 219.09,
      "RCP45": 225.79000000000002,
      "RCP45_high": 229.34,
      "RCP45_low": 220.77,
      "RCP85": 226.34,
      "RCP85_high": 230.14,
      "RCP85_low": 221.24
    },
    "After_Adaptation": {
      "RCP26": 199.14999999999998,
      "RCP26_high": 205.46,
      "RCP26_low": 190.25,
      "RCP45": 200.56,
      "RCP45_high": 206.01,
      "RCP45_low": 188.99,
      "RCP85": 200.28,
      "RCP85_high": 206.67000000000002,
      "RCP85_low": 186.66
    }
  },
  "BE": {
    "Baseline": 808.6476933477355,
    "Before_Adaptation": {
      "RCP26": 807.97,
      "RCP26_high": 814.75,
      "RCP26_low": 800.39,
      "RCP45": 809.5999999999999,
      "RCP45_high": 815.05,
      "RCP45_low": 801.61,
      "RCP85": 809.24,
      "RCP85_high": 814.9,
      "RCP85_low": 801.71
    },
    "After_Adaptation": {
      "RCP26": 708.35,
      "RCP26_high": 727.18,
      "RCP26_low": 652.38,
      "RCP45": 704.86,
      "RCP45_high": 728.0799999999999,
      "RCP45_low": 627.61,
      "RCP85": 695.8399999999999,
      "RCP85_high": 726.8,
      "RCP85_low": 603.8
    }
  },
  "BL": {
    "Baseline": 50.95760581418742,
    "Before_Adaptation": {
      "RCP26": 50.9,
      "RCP26_high": 51.010000000000005,
      "RCP26_low": 50.730000000000004,
      "RCP45": 50.92,
      "RCP45_high": 51.06,
      "RCP45_low": 50.75,
      "RCP85": 50.92,
      "RCP85_high": 51.03,
      "RCP85_low": 50.769999999999996
    },
    "After_Adaptation": {
      "RCP26": 44.480000000000004,
      "RCP26_high": 45.55,
      "RCP26_low": 40.209999999999994,
      "RCP45": 44.19,
      "RCP45_high": 45.59,
      "RCP45_low": 38.42,
      "RCP85": 43.56,
      "RCP85_high": 45.510000000000005,
      "RCP85_low": 36.7
    }
  },
  "BS": {
    "Baseline": 1866.3807987354592,
    "Before_Adaptation": {
      "RCP26": 1886.72,
      "RCP26_high": 1975.15,
      "RCP26_low": 1827.42,
      "RCP45": 1915.67,
      "RCP45_high": 1972.65,
      "RCP45_low": 1849.9099999999999,
      "RCP85": 1937.3,
      "RCP85_high": 1998.99,
      "RCP85_low": 1868.44
    },
    "After_Adaptation": {
      "RCP26": 1644.71,
      "RCP26_high": 1753.12,
      "RCP26_low": 1482.15,
      "RCP45": 1658.44,
      "RCP45_high": 1761.6799999999998,
      "RCP45_low": 1453.26,
      "RCP85": 1661.2399999999998,
      "RCP85_high": 1780.48,
      "RCP85_low": 1420.58
    }
  },
  "FR": {
    "Baseline": 139.17605437010195,
    "Before_Adaptation": {
      "RCP26": 138.84,
      "RCP26_high": 139.48000000000002,
      "RCP26_low": 137.78,
      "RCP45": 138.97,
      "RCP45_high": 139.77,
      "RCP45_low": 137.88,
      "RCP85": 138.95999999999998,
      "RCP85_high": 139.64,
      "RCP85_low": 137.99
    },
    "After_Adaptation": {
      "RCP26": 121.59,
      "RCP26_high": 124.51,
      "RCP26_low": 112.08,
      "RCP45": 120.95,
      "RCP45_high": 124.73,
      "RCP45_low": 107.85,
      "RCP85": 119.42,
      "RCP85_high": 124.44,
      "RCP85_low": 103.78
    }
  },
  "GE": {
    "Baseline": 83.21187371347693,
    "Before_Adaptation": {
      "RCP26": 83.18,
      "RCP26_high": 85.36,
      "RCP26_low": 82.36,
      "RCP45": 83.44999999999999,
      "RCP45_high": 84.78999999999999,
      "RCP45_low": 82.37,
      "RCP85": 83.88,
      "RCP85_high": 85.59,
      "RCP85_low": 82.61000000000001
    },
    "After_Adaptation": {
      "RCP26": 71.77000000000001,
      "RCP26_high": 75.33,
      "RCP26_low": 64.05,
      "RCP45": 71.09,
      "RCP45_high": 75.15,
      "RCP45_low": 60.739999999999995,
      "RCP85": 70.1,
      "RCP85_high": 75.47,
      "RCP85_low": 58.3
    }
  },
  "GL": {
    "Baseline": 81.56079563498605,
    "Before_Adaptation": {
      "RCP26": 85.76,
      "RCP26_high": 86.46000000000001,
      "RCP26_low": 84.42,
      "RCP45": 85.9,
      "RCP45_high": 86.53999999999999,
      "RCP45_low": 85.28999999999999,
      "RCP85": 85.87,
      "RCP85_high": 86.53,
      "RCP85_low": 84.83
    },
    "After_Adaptation": {
      "RCP26": 75.53999999999999,
      "RCP26_high": 77.21000000000001,
      "RCP26_low": 70.72,
      "RCP45": 75.38,
      "RCP45_high": 77.28999999999999,
      "RCP45_low": 68.31,
      "RCP85": 74.45,
      "RCP85_high": 77.16,
      "RCP85_low": 65.58
    }
  },
  "GR": {
    "Baseline": 1764.740229324663,
    "Before_Adaptation": {
      "RCP26": 1814.73,
      "RCP26_high": 1896.57,
      "RCP26_low": 1722.05,
      "RCP45": 1850.88,
      "RCP45_high": 1923.38,
      "RCP45_low": 1756.79,
      "RCP85": 1869.16,
      "RCP85_high": 1940.1,
      "RCP85_low": 1781.3600000000001
    },
    "After_Adaptation": {
      "RCP26": 1577.34,
      "RCP26_high": 1690.16,
      "RCP26_low": 1404.4499999999998,
      "RCP45": 1596.3000000000002,
      "RCP45_high": 1714.63,
      "RCP45_low": 1379.65,
      "RCP85": 1590.87,
      "RCP85_high": 1728.46,
      "RCP85_low": 1346.38
    }
  },
  "JU": {
    "Baseline": 40.134160403380356,
    "Before_Adaptation": {
      "RCP26": 50.33,
      "RCP26_high": 50.72,
      "RCP26_low": 49.82,
      "RCP45": 50.59,
      "RCP45_high": 50.81,
      "RCP45_low": 50.11,
      "RCP85": 50.48,
      "RCP85_high": 50.81,
      "RCP85_low": 49.82
    },
    "After_Adaptation": {
      "RCP26": 43.78,
      "RCP26_high": 45.22,
      "RCP26_low": 39.34,
      "RCP45": 43.74,
      "RCP45_high": 45.4,
      "RCP45_low": 37.72,
      "RCP85": 42.900000000000006,
      "RCP85_high": 45.25,
      "RCP85_low": 35.81
    }
  },
  "LU": {
    "Baseline": 142.97241707132073,
    "Before_Adaptation": {
      "RCP26": 143.13,
      "RCP26_high": 143.32999999999998,
      "RCP26_low": 142.92,
      "RCP45": 143.19,
      "RCP45_high": 143.39999999999998,
      "RCP45_low": 142.99,
      "RCP85": 143.25,
      "RCP85_high": 143.45,
      "RCP85_low": 143.05
    },
    "After_Adaptation": {
      "RCP26": 125.72,
      "RCP26_high": 128.11,
      "RCP26_low": 116.19,
      "RCP45": 124.84,
      "RCP45_high": 128.20999999999998,
      "RCP45_low": 111.03,
      "RCP85": 123.47,
      "RCP85_high": 128.14999999999998,
      "RCP85_low": 106.78
    }
  },
  "NE": {
    "Baseline": 12.12508269595029,
    "Before_Adaptation": {
      "RCP26": 12.12,
      "RCP26_high": 12.14,
      "RCP26_low": 12.12,
      "RCP45": 12.12,
      "RCP45_high": 12.14,
      "RCP45_low": 12.12,
      "RCP85": 12.12,
      "RCP85_high": 12.14,
      "RCP85_low": 12.12
    },
    "After_Adaptation": {
      "RCP26": 10.64,
      "RCP26_high": 10.84,
      "RCP26_low": 9.8,
      "RCP45": 10.57,
      "RCP45_high": 10.84,
      "RCP45_low": 9.41,
      "RCP85": 10.43,
      "RCP85_high": 10.84,
      "RCP85_low": 9.04
    }
  },