{
  "AG": {
    "Baseline": 756.3544130230758,
    "Before_Adaptation": {
      "RCP26": 760.06,
      "RCP26_high": 790.3199999999999,
      "RCP26_low": 740.3499999999999,
      "RCP45": 769.24,
      "RCP45_high": 790.75,
      "RCP45_low": 747.02,
      "RCP85": 773.4200000000001,
      "RCP85_high": 795.77,
      "RCP85_low": 750.6600000000001
    },
    "After_Adaptation": {
      "RCP26": 661.21,
      "RCP26_high": 700.52,
      "RCP26_low": 593.3900000000001,
      "RCP45": 663.84,
      "RCP45_high": 704.5,
      "RCP45_low": 575.14,
      "RCP85": 659.74,
      "RCP85_high": 708.27,
      "RCP85_low": 557.74
    }
  },
  "AI": {
    "Baseline": 59.27261753892172,
    "Before_Adaptation": {
      "RCP26": 157.81,
      "RCP26_high": 165.87,
      "RCP26_low": 152.36,
      "RCP45": 157.89999999999998,
      "RCP45_high": 165.95999999999998,
      "RCP45_low": 153.37,
      "RCP85": 158.8,
      "RCP85_high": 167.69,
      "RCP85_low": 153.49
    },
    "After_Adaptation": {
      "RCP26": 140.48000000000002,
      "RCP26_high": 148.93,
      "RCP26_low": 133.66,
      "RCP45": 140.26,
      "RCP45_high": 148.55,
      "RCP45_low": 133.07999999999998,
      "RCP85": 140.46,
      "RCP85_high": 149.8,
      "RCP85_low": 132.01
    }
  },
  "AR": {
    "Baseline": 53.081424329172094,
    "Before_Adaptation": {
      "RCP26": 54.04,
      "RCP26_high": 54.32,
      "RCP26_low": 53.730000000000004,
      "RCP45": 54.129999999999995,
      "RCP45_high": 54.35,
      "RCP45_low": 53.85,
      "RCP85": 54.19,
      "RCP85_high": 54.42,
      "RCP85_low": 53.91
    },
    "After_Adaptation": {
      "RCP26": 48.19,
      "RCP26_high": 48.64,
      "RCP26_low": 46.57,
      "RCP45": 48.21,
      "RCP45_high": 48.68,
      "RCP45_low": 45.790000000000006,
      "RCP85": 48.11,
      "RCP85_high": 48.730000000000004,
      "RCP85_low": 45.11
    }
  },
  "BE": {
    "Baseline": 254.16212041881877,
    "Before_Adaptation": {
      "RCP26": 254.04000000000002,
      "RCP26_high": 263.39,
      "RCP26_low": 252.23000000000002,
      "RCP45": 254.89,
      "RCP45_high": 258.94,
      "RCP45_low": 252.68,
      "RCP85": 255.64999999999998,
      "RCP85_high": 262.23,
      "RCP85_low": 253.04
    },
    "After_Adaptation": {
      "RCP26": 223.64,
      "RCP26_high": 233.89999999999998,
      "RCP26_low": 206.42000000000002,
      "RCP45": 222.39,
      "RCP45_high": 230.82,
      "RCP45_low": 198.44,
      "RCP85": 220.86,
      "RCP85_high": 232.99,
      "RCP85_low": 192.54
    }
  },
  "BL": {
    "Baseline": 118.81484702852516,
    "Before_Adaptation": {
      "RCP26": 118.6,
      "RCP26_high": 119.21000000000001,
      "RCP26_low": 117.7,
      "RCP45": 118.54,
      "RCP45_high": 119.27000000000001,
      "RCP45_low": 117.67,
      "RCP85": 118.57,
      "RCP85_high": 119.24000000000001,
      "RCP85_low": 117.81
    },
    "After_Adaptation": {
      "RCP26": 103.49,
      "RCP26_high": 106.31,
      "RCP26_low": 93.46000000000001,
      "RCP45": 102.74000000000001,
      "RCP45_high": 106.24000000000001,
      "RCP45_low": 89.33,
      "RCP85": 101.35,
      "RCP85_high": 106.08000000000001,
      "RCP85_low": 85.44
    }
  },
  "BS": {
    "Baseline": 929.0684212163663,
    "Before_Adaptation": {
      "RCP26": 933.7,
      "RCP26_high": 950.34,
      "RCP26_low": 914.9000000000001,
      "RCP45": 941.28,
      "RCP45_high": 954.31,
      "RCP45_low": 923.08,
      "RCP85": 944.6500000000001,
      "RCP85_high": 958.01,
      "RCP85_low": 926.05
    },
    "After_Adaptation": {
      "RCP26": 812.96,
      "RCP26_high": 845.89,
      "RCP26_low": 735.5899999999999,
      "RCP45": 814.84,
      "RCP45_high": 852.02,
      "RCP45_low": 713.79,
      "RCP85": 808.02,
      "RCP85_high": 853.48,
      "RCP85_low": 687.86
    }
  },
  "FR": {
    "Baseline": 209.22684272535582,
    "Before_Adaptation": {
      "RCP26": 208.96,
      "RCP26_high": 212.64,
      "RCP26_low": 206.88,
      "RCP45": 208.69,
      "RCP45_high": 211.31,
      "RCP45_low": 206.56,
      "RCP85": 209.18,
      "RCP85_high": 212.42000000000002,
      "RCP85_low": 206.89
    },
    "After_Adaptation": {
      "RCP26": 183.2,
      "RCP26_high": 189.13,
      "RCP26_low": 169.24,
      "RCP45": 181.62,
      "RCP45_high": 187.94,
      "RCP45_low": 161.94,
      "RCP85": 179.91000000000003,
      "RCP85_high": 188.52,
      "RCP85_low": 156.77999999999997
    }
  },
  "GE": {
    "Baseline": 80.01130289043365,
    "Before_Adaptation": {
      "RCP26": 79.5,
      "RCP26_high": 80.50999999999999,
      "RCP26_low": 78.38,
      "RCP45": 79.32,
      "RCP45_high": 80.38999999999999,
      "RCP45_low": 78.24,
      "RCP85": 79.36,
      "RCP85_high": 80.46000000000001,
      "RCP85_low": 78.36
    },
    "After_Adaptation": {
      "RCP26": 68.16,
      "RCP26_high": 71.28,
      "RCP26_low": 60.510000000000005,
      "RCP45": 67.33,
      "RCP45_high": 71.09,
      "RCP45_low": 57.120000000000005,
      "RCP85": 65.96000000000001,
      "RCP85_high": 70.81,
      "RCP85_low": 54.24
    }
  },
  "GL": {
    "Baseline": 46.95433234760122,
    "Before_Adaptation": {
      "RCP26": 54.54,
      "RCP26_high": 54.84,
      "RCP26_low": 53.510000000000005,
      "RCP45": 54.59,
      "RCP45_high": 54.879999999999995,
      "RCP45_low": 54.239999999999995,
      "RCP85": 54.58,
      "RCP85_high": 54.870000000000005,
      "RCP85_low": 53.69
    },
    "After_Adaptation": {
      "RCP26": 47.99,
      "RCP26_high": 49.010000000000005,
      "RCP26_low": 44.68,
      "RCP45": 47.900000000000006,
      "RCP45_high": 49.05,
      "RCP45_low": 43.33,
      "RCP85": 47.25,
      "RCP85_high": 48.98,
      "RCP85_low": 41.480000000000004
    }
  },
  "GR": {
    "Baseline": 2474.2505661790456,
    "Before_Adaptation": {
      "RCP26": 2547.69,
      "RCP26_high": 2650.46,
      "RCP26_low": 2416.58,
      "RCP45": 2593.15,
      "RCP45_high": 2690.71,
      "RCP45_low": 2465.42,
      "RCP85": 2618.29,
      "RCP85_high": 2712.34,
      "RCP85_low": 2502.8599999999997
    },
    "After_Adaptation": {
      "RCP26": 2213.83,
      "RCP26_high": 2360.48,
      "RCP26_low": 1978.3600000000001,
      "RCP45": 2234.7799999999997,
      "RCP45_high": 2396.23,
      "RCP45_low": 1942.65,
      "RCP85": 2230.26,
      "RCP85_high": 2410.66,
      "RCP85_low": 1897.81
    }
  },
  "JU": {
    "Baseline": 0.14169645857582402,
    "Before_Adaptation": {
      "RCP26": 0.18,
      "RCP26_high": 0.18,
      "RCP26_low": 0.18,
      "RCP45": 0.18,
      "RCP45_high": 0.18,
      "RCP45_low": 0.18,
      "RCP85": 0.18,
      "RCP85_high": 0.18,
      "RCP85_low": 0.18
    },
    "After_Adaptation": {
      "RCP26": 0.16,
      "RCP26_high": 0.16,
      "RCP26_low": 0.14,
      "RCP45": 0.16,
      "RCP45_high": 0.16,
      "RCP45_low": 0.13,
      "RCP85": 0.14,
      "RCP85_high": 0.16,
      "RCP85_low": 0.12
    }
  },
  "LU": {
    "Baseline": 182.61087190233732,
    "Before_Adaptation": {
      "RCP26": 182.79000000000002,
      "RCP26_high": 183.23000000000002,
      "RCP26_low": 182.26999999999998,
      "RCP45": 182.88,
      "RCP45_high": 183.3,
      "RCP45_low": 182.36,
      "RCP85": 182.92000000000002,
      "RCP85_high": 183.3,
      "RCP85_low": 182.39
    },
    "After_Adaptation": {
      "RCP26": 160.5,
      "RCP26_high": 163.76999999999998,
      "RCP26_low": 148.25,
      "RCP45": 159.36,
      "RCP45_high": 163.89,
      "RCP45_low": 141.7,
      "RCP85": 157.54,
      "RCP85_high": 163.72,
      "RCP85_low": 136.19
    }
  },
  "NE": {
    "Baseline": 7.961938929767488,
    "Before_Adaptation": {
      "RCP26": 7.96,
      "RCP26_high": 7.98,
      "RCP26_low": 7.96,
      "RCP45": 7.96,
      "RCP45_high": 7.98,
      "RCP45_low": 7.96,
      "RCP85": 7.96,
      "RCP85_high": 7.970000000000001,
      "RCP85_low": 7.96
    },
    "After_Adaptation": {
      "RCP26": 6.99,
      "RCP26_high": 7.12,
      "RCP26_low": 6.4399999999999995,
      "RCP45": 6.9399999999999995,