{
  "AG": {
    "Baseline": 4459.94689398055,
    "Before_Adaptation": {
      "RCP26": 4492.1,
      "RCP26_high": 4885.59,
      "RCP26_low": 4343.83,
      "RCP45": 4555.52,
      "RCP45_high": 4739.0599999999995,
      "RCP45_low": 4390.22,
      "RCP85": 4603.92,
      "RCP85_high": 4877.45,
      "RCP85_low": 4426.299999999999
    },
    "After_Adaptation": {
      "RCP26": 3915.0699999999997,
      "RCP26_high": 4341.12,
      "RCP26_low": 3498.6099999999997,
      "RCP45": 3933.41,
      "RCP45_high": 4216.59,
      "RCP45_low": 3401.71,
      "RCP85": 3948.3199999999997,
      "RCP85_high": 4335.96,
      "RCP85_low": 3340.83
    }
  },
  "AI": {
    "Baseline": 2.8027574497482965,
    "Before_Adaptation": {
      "RCP26": 4.52,
      "RCP26_high": 4.52,
      "RCP26_low": 4.52,
      "RCP45": 4.52,
      "RCP45_high": 4.52,
      "RCP45_low": 4.52,
      "RCP85": 4.52,
      "RCP85_high": 4.52,
      "RCP85_low": 4.52
    },
    "After_Adaptation": {
      "RCP26": 4.04,
      "RCP26_high": 4.04,
      "RCP26_low": 3.9,
      "RCP45": 4.029999999999999,
      "RCP45_high": 4.04,
      "RCP45_low": 3.82,
      "RCP85": 4.02,
      "RCP85_high": 4.04,
      "RCP85_low": 3.7699999999999996
    }
  },
  "AR": {
    "Baseline": 8.467899051066176,
    "Before_Adaptation": {
      "RCP26": 8.48,
      "RCP26_high": 8.6,
      "RCP26_low": 8.34,
      "RCP45": 8.51,
      "RCP45_high": 8.61,
      "RCP45_low": 8.36,
      "RCP85": 8.51,
      "RCP85_high": 8.62,
      "RCP85_low": 8.370000000000001
    },
    "After_Adaptation": {
      "RCP26": 7.55,
      "RCP26_high": 7.7,
      "RCP26_low": 7.220000000000001,
      "RCP45": 7.56,
      "RCP45_high": 7.72,
      "RCP45_low": 7.12,
      "RCP85": 7.529999999999999,
      "RCP85_high": 7.72,
      "RCP85_low": 7.02
    }
  },
  "BE": {
    "Baseline": 802.2808849836762,
    "Before_Adaptation": {
      "RCP26": 801.72,
      "RCP26_high": 808.16,
      "RCP26_low": 795.02,
      "RCP45": 803.26,
      "RCP45_high": 808.4100000000001,
      "RCP45_low": 796.0899999999999,
      "RCP85": 803.14,
      "RCP85_high": 808.28,
      "RCP85_low": 796.6500000000001
    },
    "After_Adaptation": {
      "RCP26": 703.2,
      "RCP26_high": 721.4,
      "RCP26_low": 647.9300000000001,
      "RCP45": 699.5899999999999,
      "RCP45_high": 722.2,
      "RCP45_low": 623.25,
      "RCP85": 690.9300000000001,
      "RCP85_high": 721.0699999999999,
      "RCP85_low": 599.94
    }
  },
  "BL": {
    "Baseline": 479.25195356049085,
    "Before_Adaptation": {
      "RCP26": 477.88,
      "RCP26_high": 480.96,
      "RCP26_low": 473.33,
      "RCP45": 478.55,
      "RCP45_high": 482.76,
      "RCP45_low": 473.81,
      "RCP85": 478.44,
      "RCP85_high": 482.1,
      "RCP85_low": 474.51
    },
    "After_Adaptation": {
      "RCP26": 416.68,
      "RCP26_high": 428.66999999999996,
      "RCP26_low": 375.88,
      "RCP45": 414.62,
      "RCP45_high": 429.78999999999996,
      "RCP45_low": 360.48,
      "RCP85": 408.9,
      "RCP85_high": 428.59000000000003,
      "RCP85_low": 344.71000000000004
    }
  },
  "BS": {
    "Baseline": 5899.120636868612,
    "Before_Adaptation": {
      "RCP26": 5956.450000000001,
      "RCP26_high": 6309.47,
      "RCP26_low": 5750.43,
      "RCP45": 6064.79,
      "RCP45_high": 6280.2,
      "RCP45_low": 5821.38,
      "RCP85": 6143.88,
      "RCP85_high": 6390.51,
      "RCP85_low": 5887.37
    },
    "After_Adaptation": {
      "RCP26": 5195.4,
      "RCP26_high": 5600.1,
      "RCP26_low": 4661.8,
      "RCP45": 5247.219999999999,
      "RCP45_high": 5612.3,
      "RCP45_low": 4580.950000000001,
      "RCP85": 5268.35,
      "RCP85_high": 5693.96,
      "RCP85_low": 4495.57
    }
  },
  "FR": {
    "Baseline": 76.57161684376402,
    "Before_Adaptation": {
      "RCP26": 76.5,
      "RCP26_high": 80.71000000000001,
      "RCP26_low": 75.93,
      "RCP45": 76.68,
      "RCP45_high": 78.21000000000001,
      "RCP45_low": 75.93,
      "RCP85": 77.13,
      "RCP85_high": 80.32,
      "RCP85_low": 76.13
    },
    "After_Adaptation": {
      "RCP26": 67.37,
      "RCP26_high": 71.7,
      "RCP26_low": 62.25,
      "RCP45": 66.86000000000001,
      "RCP45_high": 69.6,
      "RCP45_low": 59.71,
      "RCP85": 66.77,
      "RCP85_high": 71.16,
      "RCP85_low": 58.39
    }
  },
  "GE": {
    "Baseline": 342.9010826504424,
    "Before_Adaptation": {
      "RCP26": 342.76,
      "RCP26_high": 356.15999999999997,
      "RCP26_low": 336.85,
      "RCP45": 343.49,
      "RCP45_high": 352.44,
      "RCP45_low": 336.72,
      "RCP85": 346.21,
      "RCP85_high": 357.6,
      "RCP85_low": 338.1
    },
    "After_Adaptation": {
      "RCP26": 295.63,
      "RCP26_high": 313.46,
      "RCP26_low": 263.36,
      "RCP45": 292.63,
      "RCP45_high": 311.01,
      "RCP45_low": 249.45,
      "RCP85": 289.56,
      "RCP85_high": 313.82,
      "RCP85_low": 240.9
    }
  },
  "GL": {
    "Baseline": 91.6546082559838,
    "Before_Adaptation": {
      "RCP26": 93.76,
      "RCP26_high": 94.25,
      "RCP26_low": 93.43,
      "RCP45": 93.8,
      "RCP45_high": 94.32,
      "RCP45_low": 93.46000000000001,
      "RCP85": 93.89,
      "RCP85_high": 94.35,
      "RCP85_low": 93.53999999999999
    },
    "After_Adaptation": {
      "RCP26": 82.88,
      "RCP26_high": 84.24000000000001,
      "RCP26_low": 77.91,
      "RCP45": 82.39,
      "RCP45_high": 84.28999999999999,
      "RCP45_low": 74.61,
      "RCP85": 81.72,
      "RCP85_high": 84.25999999999999,
      "RCP85_low": 71.95
    }
  },
  "GR": {
    "Baseline": 10260.895184185312,
    "Before_Adaptation": {
      "RCP26": 10599.689999999999,
      "RCP26_high": 11093.36,
      "RCP26_low": 9961.599999999999,
      "RCP45": 10823.8,
      "RCP45_high": 11287.689999999999,
      "RCP45_low": 10191.970000000001,
      "RCP85": 10944.71,
      "RCP85_high": 11395.349999999999,
      "RCP85_low": 10375.869999999999
    },
    "After_Adaptation": {
      "RCP26": 9210.11,
      "RCP26_high": 9891.39,
      "RCP26_low": 8161.67,
      "RCP45": 9334.42,
      "RCP45_high": 10066.67,
      "RCP45_low": 8071.11,
      "RCP85": 9327.779999999999,
      "RCP85_high": 10142.779999999999,
      "RCP85_low": 7931.35
    }
  },
  "JU": {
    "Baseline": 36.69059031442048,
    "Before_Adaptation": {
      "RCP26": 43.32,
      "RCP26_high": 44.28,
      "RCP26_low": 42.43,
      "RCP45": 43.480000000000004,
      "RCP45_high": 44.07,
      "RCP45_low": 42.61,
      "RCP85": 43.540000000000006,
      "RCP85_high": 44.34,
      "RCP85_low": 42.43
    },
    "After_Adaptation": {
      "RCP26": 37.620000000000005,
      "RCP26_high": 39.32,
      "RCP26_low": 33.64,
      "RCP45": 37.46,
      "RCP45_high": 39.28,
      "RCP45_low": 32.129999999999995,
      "RCP85": 36.959999999999994,
      "RCP85_high": 39.400000000000006,
      "RCP85_low": 30.65
    }
  },
  "LU": {
    "Baseline": 387.0609686210025,
    "Before_Adaptation": {
      "RCP26": 387.61,
      "RCP26_high": 388.9,
      "RCP26_low": 386.28999999999996,
      "RCP45": 388.18,
      "RCP45_high": 389.15999999999997,
      "RCP45_low": 386.82,
      "RCP85": 388.37,
      "RCP85_high": 389.40999999999997,
      "RCP85_low": 386.98
    },
    "After_Adaptation": {
      "RCP26": 340.28,
      "RCP26_high": 347.52,
      "RCP26_low": 314.44,
      "RCP45": 338.26,
      "RCP45_high": 348.03999999999996,
      "RCP45_low": 300.95,
      "RCP85": 334.57,
      "RCP85_high": 347.86,
      "RCP85_low": 289.48
    }
  },
  "NE": {
    "Baseline": 19.700126876965243,
    "Before_Adaptation": {
      "RCP26": 19.72,
      "RCP26_high": 19.74,
      "RCP26_low": 19.7,
      "RCP45": 19.7,
      "RCP45_high": 19.72,
      "RCP45_low": 19.68,
      "RCP85": 19.7,
      "RCP85_high": 19.72,
      "RCP85_low": 19.68
    },
    "After_Adaptation": {
      "RCP26": 17.3,
      "RCP26_high": 17.64,
      "RCP26_low": 15.940000000000001,
      "RCP45": 17.189999999999998,
      "RCP45_high": 17.64,
      "RCP45_low": 15.3,