{
  "AG": {
    "Baseline": 331.7807066345549,
    "Before_Adaptation": {
      "RCP26": 335.49,
      "RCP26_high": 344.37,
      "RCP26_low": 328.73,
      "RCP45": 338.56,
      "RCP45_high": 344.91999999999996,
      "RCP45_low": 331.15999999999997,
      "RCP85": 339.6,
      "RCP85_high": 346.28,
      "RCP85_low": 331.64
    },
    "After_Adaptation": {
      "RCP26": 291.72,
      "RCP26_high": 305.77,
      "RCP26_low": 262.57,
      "RCP45": 292.03,
      "RCP45_high": 307.5,
      "RCP45_low": 253.01,
      "RCP85": 289.17999999999995,
      "RCP85_high": 308.25,
      "RCP85_low": 243.95999999999998
    }
  },
  "AI": {
    "Baseline": 0,
    "Before_Adaptation": {
      "RCP26": 0,
      "RCP26_high": 0,
      "RCP26_low": 0,
      "RCP45": 0,
      "RCP45_high": 0,
      "RCP45_low": 0,
      "RCP85": 0,
      "RCP85_high": 0,
      "RCP85_low": 0
    },
    "After_Adaptation": {
      "RCP26": 0,
      "RCP26_high": 0,
      "RCP26_low": 0,
      "RCP45": 0,
      "RCP45_high": 0,
      "RCP45_low": 0,
      "RCP85": 0,
      "RCP85_high": 0,
      "RCP85_low": 0
    }
  },
  "AR": {
    "Baseline": 0.16050854233960754,
    "Before_Adaptation": {
      "RCP26": 0.2,
      "RCP26_high": 0.2,
      "RCP26_low": 0.2,
      "RCP45": 0.2,
      "RCP45_high": 0.2,
      "RCP45_low": 0.2,
      "RCP85": 0.2,
      "RCP85_high": 0.2,
      "RCP85_low": 0.2
    },
    "After_Adaptation": {
      "RCP26": 0.18,
      "RCP26_high": 0.18,
      "RCP26_low": 0.18,
      "RCP45": 0.18,
      "RCP45_high": 0.18,
      "RCP45_low": 0.18,
      "RCP85": 0.18,
      "RCP85_high": 0.18,
      "RCP85_low": 0.18
    }
  },
  "BE": {
    "Baseline": 40.27276954197912,
    "Before_Adaptation": {
      "RCP26": 40.15,
      "RCP26_high": 40.33,
      "RCP26_low": 39.84,
      "RCP45": 40.18,
      "RCP45_high": 40.38,
      "RCP45_low": 39.870000000000005,
      "RCP85": 40.12,
      "RCP85_high": 40.3,
      "RCP85_low": 39.83
    },
    "After_Adaptation": {
      "RCP26": 35.18,
      "RCP26_high": 36.010000000000005,
      "RCP26_low": 32.370000000000005,
      "RCP45": 34.97,
      "RCP45_high": 36.07,
      "RCP45_low": 31.08,
      "RCP85": 34.47,
      "RCP85_high": 35.95,
      "RCP85_low": 29.82
    }
  },
  "BL": {
    "Baseline": 19.58513136299869,
    "Before_Adaptation": {
      "RCP26": 19.7,
      "RCP26_high": 20.9,
      "RCP26_low": 19.46,
      "RCP45": 19.68,
      "RCP45_high": 20.03,
      "RCP45_low": 19.43,
      "RCP85": 19.74,
      "RCP85_high": 20.86,
      "RCP85_low": 19.5
    },
    "After_Adaptation": {
      "RCP26": 17.27,
      "RCP26_high": 18.54,
      "RCP26_low": 15.64,
      "RCP45": 17.05,
      "RCP45_high": 17.8,
      "RCP45_low": 14.83,
      "RCP85": 17.02,
      "RCP85_high": 18.32,
      "RCP85_low": 14.44
    }
  },
  "BS": {
    "Baseline": 125.0282927363272,
    "Before_Adaptation": {
      "RCP26": 126.87,
      "RCP26_high": 128.07999999999998,
      "RCP26_low": 125.68,
      "RCP45": 127.22,
      "RCP45_high": 128.32,
      "RCP45_low": 125.96000000000001,
      "RCP85": 127.18,
      "RCP85_high": 128.14,
      "RCP85_low": 125.92
    },
    "After_Adaptation": {
      "RCP26": 110.73,
      "RCP26_high": 114.31,
      "RCP26_low": 100.19,
      "RCP45": 110.22999999999999,
      "RCP45_high": 114.64,
      "RCP45_low": 95.96,
      "RCP85": 108.78,
      "RCP85_high": 114.25,
      "RCP85_low": 91.78
    }
  },
  "FR": {
    "Baseline": 12.912254170842669,
    "Before_Adaptation": {
      "RCP26": 12.9,
      "RCP26_high": 13.04,
      "RCP26_low": 12.77,
      "RCP45": 12.85,
      "RCP45_high": 12.97,
      "RCP45_low": 12.73,
      "RCP85": 12.82,
      "RCP85_high": 12.94,
      "RCP85_low": 12.72
    },
    "After_Adaptation": {
      "RCP26": 11.280000000000001,
      "RCP26_high": 11.62,
      "RCP26_low": 10.39,
      "RCP45": 11.14,
      "RCP45_high": 11.55,
      "RCP45_low": 9.879999999999999,
      "RCP85": 10.98,
      "RCP85_high": 11.51,
      "RCP85_low": 9.49
    }
  },
  "GE": {
    "Baseline": 19.026392395623667,
    "Before_Adaptation": {
      "RCP26": 18.950000000000003,
      "RCP26_high": 19.1,
      "RCP26_low": 18.8,
      "RCP45": 18.93,
      "RCP45_high": 19.08,
      "RCP45_low": 18.79,
      "RCP85": 18.92,
      "RCP85_high": 19.08,
      "RCP85_low": 18.78
    },
    "After_Adaptation": {
      "RCP26": 16.28,
      "RCP26_high": 16.96,
      "RCP26_low": 14.49,
      "RCP45": 16.09,
      "RCP45_high": 16.93,
      "RCP45_low": 13.69,
      "RCP85": 15.74,
      "RCP85_high": 16.86,
      "RCP85_low": 12.969999999999999
    }
  },
  "GL": {
    "Baseline": 25.61368285303514,
    "Before_Adaptation": {
      "RCP26": 42.92,
      "RCP26_high": 43.29,
      "RCP26_low": 41.93,
      "RCP45": 43.010000000000005,
      "RCP45_high": 43.32,
      "RCP45_low": 42.65,
      "RCP85": 43,
      "RCP85_high": 43.33,
      "RCP85_low": 42.14
    },
    "After_Adaptation": {
      "RCP26": 37.71,
      "RCP26_high": 38.66,
      "RCP26_low": 35.04,
      "RCP45": 37.73,
      "RCP45_high": 38.71,
      "RCP45_low": 34.18,
      "RCP85": 37.19,
      "RCP85_high": 38.66,
      "RCP85_low": 32.69
    }
  },
  "GR": {
    "Baseline": 767.2736701383155,
    "Before_Adaptation": {
      "RCP26": 781.46,
      "RCP26_high": 799.3399999999999,
      "RCP26_low": 756.76,
      "RCP45": 788.19,
      "RCP45_high": 805.69,
      "RCP45_low": 765.0799999999999,
      "RCP85": 791.1800000000001,
      "RCP85_high": 808.4100000000001,
      "RCP85_low": 769.22
    },
    "After_Adaptation": {
      "RCP26": 679.12,
      "RCP26_high": 711.3499999999999,
      "RCP26_low": 612.65,
      "RCP45": 678.3199999999999,
      "RCP45_high": 717.45,
      "RCP45_low": 588.0699999999999,
      "RCP85": 671.05,
      "RCP85_high": 717.3699999999999,
      "RCP85_low": 563.94
    }
  },
  "JU": {
    "Baseline": 1.2390132199489785,
    "Before_Adaptation": {
      "RCP26": 1.86,
      "RCP26_high": 1.88,
      "RCP26_low": 1.83,
      "RCP45": 1.84,
      "RCP45_high": 1.86,
      "RCP45_low": 1.82,
      "RCP85": 1.84,
      "RCP85_high": 1.86,
      "RCP85_low": 1.82
    },
    "After_Adaptation": {
      "RCP26": 1.61,
      "RCP26_high": 1.66,
      "RCP26_low": 1.44,
      "RCP45": 1.59,
      "RCP45_high": 1.66,
      "RCP45_low": 1.3599999999999999,
      "RCP85": 1.56,
      "RCP85_high": 1.66,
      "RCP85_low": 1.29
    }
  },
  "LU": {
    "Baseline": 0.3550097965099608,
    "Before_Adaptation": {
      "RCP26": 0.36,
      "RCP26_high": 0.36,
      "RCP26_low": 0.36,
      "RCP45": 0.36,
      "RCP45_high": 0.36,
      "RCP45_low": 0.36,
      "RCP85": 0.36,
      "RCP85_high": 0.36,
      "RCP85_low": 0.36
    },
    "After_Adaptation": {
      "RCP26": 0.32,
      "RCP26_high": 0.32,
      "RCP26_low": 0.28,
      "RCP45": 0.31,
      "RCP45_high": 0.32,
      "RCP45_low": 0.28,
      "RCP85": 0.3,
      "RCP85_high": 0.32,
      "RCP85_low": 0.26
    }
  },
  "NE": {
    "Baseline": 21.765100971031348,
    "Before_Adaptation": {
      "RCP26": 21.86,
      "RCP26_high": 21.96,
      "RCP26_low": 21.78,
      "RCP45": 21.83,
      "RCP45_high": 21.92,
      "RCP45_low": 21.76,
      "RCP85": 21.8,
      "RCP85_high": 21.89,
      "RCP85_low": 21.729999999999997
    },
    "After_Adaptation": {
      "RCP26": 19.16,
      "RCP26_high": 19.6,
      "RCP26_low": 17.63,
      "RCP45": 19.009999999999998,
      "RCP45_high": 19.57,
      "RCP45_low": 16.88,
      "RCP85": 18.73,
      "RCP85_high": 19.509999999999998,
      "RCP85_low": 16.189999999999998
    }
  },
  "NW": {
    "Baseline": 81.95845827168624,
    "Before_Adaptation": {
      "RCP26": 137.96,
      "RCP26_high": 141.05,
      "RCP26_low": 135.28,
      "RCP45": 138.51,
      "RCP45_high": 141.63,
      "RCP45_low": 135.95999999999998,
      "RCP85": 139.18,
      "RCP85_high": 142.01999999999998,
      "RCP85_low": 136.37
    },
    "After_Adaptation": {
      "RCP26": 123.02,
      "RCP26_high": 126.68,