{
  "AG": {
    "Baseline": 1275.873725465942,
    "Before_Adaptation": {
      "RCP26": 1291.6799999999998,
      "RCP26_high": 1352.02,
      "RCP26_low": 1248.79,
      "RCP45": 1310.3400000000001,
      "RCP45_high": 1351.7199999999998,
      "RCP45_low": 1265.6,
      "RCP85": 1321.48,
      "RCP85_high": 1367.51,
      "RCP85_low": 1275.34
    },
    "After_Adaptation": {
      "RCP26": 1122.77,
      "RCP26_high": 1199.37,
      "RCP26_low": 1008.21,
      "RCP45": 1131.77,
      "RCP45_high": 1205.6399999999999,
      "RCP45_low": 984.9300000000001,
      "RCP85": 1129.96,
      "RCP85_high": 1217.48,
      "RCP85_low": 960.8199999999999
    }
  },
  "AI": {
    "Baseline": 0.7527196389697706,
    "Before_Adaptation": {
      "RCP26": 2.26,
      "RCP26_high": 2.28,
      "RCP26_low": 2.26,
      "RCP45": 2.26,
      "RCP45_high": 2.28,
      "RCP45_low": 2.26,
      "RCP85": 2.26,
      "RCP85_high": 2.28,
      "RCP85_low": 2.26
    },
    "After_Adaptation": {
      "RCP26": 2.02,
      "RCP26_high": 2.04,
      "RCP26_low": 1.96,
      "RCP45": 2.02,
      "RCP45_high": 2.04,
      "RCP45_low": 1.93,
      "RCP85": 2.02,
      "RCP85_high": 2.04,
      "RCP85_low": 1.89
    }
  },
  "AR": {
    "Baseline": 42.40893778683125,
    "Before_Adaptation": {
      "RCP26": 45.9,
      "RCP26_high": 46.11,
      "RCP26_low": 45.7,
      "RCP45": 45.97,
      "RCP45_high": 46.15,
      "RCP45_low": 45.769999999999996,
      "RCP85": 45.98,
      "RCP85_high": 46.15,
      "RCP85_low": 45.8
    },
    "After_Adaptation": {
      "RCP26": 40.93,
      "RCP26_high": 41.28,
      "RCP26_low": 39.61,
      "RCP45": 40.93,
      "RCP45_high": 41.33,
      "RCP45_low": 38.93,
      "RCP85": 40.81,
      "RCP85_high": 41.32,
      "RCP85_low": 38.290000000000006
    }
  },
  "BE": {
    "Baseline": 20.477489206907578,
    "Before_Adaptation": {
      "RCP26": 20.44,
      "RCP26_high": 20.52,
      "RCP26_low": 20.32,
      "RCP45": 20.46,
      "RCP45_high": 20.549999999999997,
      "RCP45_low": 20.33,
      "RCP85": 20.450000000000003,
      "RCP85_high": 20.54,
      "RCP85_low": 20.35
    },
    "After_Adaptation": {
      "RCP26": 17.92,
      "RCP26_high": 18.32,
      "RCP26_low": 16.52,
      "RCP45": 17.83,
      "RCP45_high": 18.35,
      "RCP45_low": 15.879999999999999,
      "RCP85": 17.6,
      "RCP85_high": 18.310000000000002,
      "RCP85_low": 15.280000000000001
    }
  },
  "BL": {
    "Baseline": 189.67079867908674,
    "Before_Adaptation": {
      "RCP26": 189.04000000000002,
      "RCP26_high": 190.67,
      "RCP26_low": 186.78,
      "RCP45": 189.43,
      "RCP45_high": 191.66,
      "RCP45_low": 187.05,
      "RCP85": 189.44,
      "RCP85_high": 191.45,
      "RCP85_low": 187.41
    },
    "After_Adaptation": {
      "RCP26": 164.73000000000002,
      "RCP26_high": 169.76999999999998,
      "RCP26_low": 148.41,
      "RCP45": 164.07999999999998,
      "RCP45_high": 170.4,
      "RCP45_low": 142.60000000000002,
      "RCP85": 161.89,
      "RCP85_high": 169.91,
      "RCP85_low": 136.49
    }
  },
  "BS": {
    "Baseline": 959.5313416031536,
    "Before_Adaptation": {
      "RCP26": 981.97,
      "RCP26_high": 1014.47,
      "RCP26_low": 953.1600000000001,
      "RCP45": 969.11,
      "RCP45_high": 1005.03,
      "RCP45_low": 934.72,
      "RCP85": 976.54,
      "RCP85_high": 1009.51,
      "RCP85_low": 941.4000000000001
    },
    "After_Adaptation": {
      "RCP26": 857.3299999999999,
      "RCP26_high": 900.47,
      "RCP26_low": 784.5,
      "RCP45": 834.76,
      "RCP45_high": 885.64,
      "RCP45_low": 736.2,
      "RCP85": 831.5,
      "RCP85_high": 888.42,
      "RCP85_low": 717.64
    }
  },
  "FR": {
    "Baseline": 6.8620895534358155,
    "Before_Adaptation": {
      "RCP26": 6.86,
      "RCP26_high": 6.88,
      "RCP26_low": 6.84,
      "RCP45": 6.86,
      "RCP45_high": 6.88,
      "RCP45_low": 6.84,
      "RCP85": 6.86,
      "RCP85_high": 6.88,
      "RCP85_low": 6.83
    },
    "After_Adaptation": {
      "RCP26": 6.01,
      "RCP26_high": 6.14,
      "RCP26_low": 5.55,
      "RCP45": 5.98,
      "RCP45_high": 6.16,
      "RCP45_low": 5.33,
      "RCP85": 5.9,
      "RCP85_high": 6.14,
      "RCP85_low": 5.12
    }
  },
  "GE": {
    "Baseline": 556.1319950374163,
    "Before_Adaptation": {
      "RCP26": 561.3,
      "RCP26_high": 636.53,
      "RCP26_low": 546.79,
      "RCP45": 560.04,
      "RCP45_high": 591.63,
      "RCP45_low": 545.21,
      "RCP85": 573.51,
      "RCP85_high": 628.1,
      "RCP85_low": 550.65
    },
    "After_Adaptation": {
      "RCP26": 487.58000000000004,
      "RCP26_high": 565.53,
      "RCP26_low": 437.4,
      "RCP45": 480.32000000000005,
      "RCP45_high": 517.49,
      "RCP45_low": 412.96,
      "RCP85": 485.31,
      "RCP85_high": 546.65,
      "RCP85_low": 409.40999999999997
    }
  },
  "GL": {
    "Baseline": 8.303431353134355,
    "Before_Adaptation": {
      "RCP26": 11,
      "RCP26_high": 11.09,
      "RCP26_low": 10.96,
      "RCP45": 11,
      "RCP45_high": 11.06,
      "RCP45_low": 10.98,
      "RCP85": 11.02,
      "RCP85_high": 11.1,
      "RCP85_low": 10.98
    },
    "After_Adaptation": {
      "RCP26": 9.73,
      "RCP26_high": 9.9,
      "RCP26_low": 9.129999999999999,
      "RCP45": 9.67,
      "RCP45_high": 9.88,
      "RCP45_low": 8.74,
      "RCP85": 9.59,
      "RCP85_high": 9.9,
      "RCP85_low": 8.44
    }
  },
  "GR": {
    "Baseline": 417.9964951320438,
    "Before_Adaptation": {
      "RCP26": 422.23,
      "RCP26_high": 434.38,
      "RCP26_low": 413.36,
      "RCP45": 425.74,
      "RCP45_high": 436.15,
      "RCP45_low": 415.91999999999996,
      "RCP85": 428.5,
      "RCP85_high": 440.59000000000003,
      "RCP85_low": 419.03999999999996
    },
    "After_Adaptation": {
      "RCP26": 367.98,
      "RCP26_high": 385.95,
      "RCP26_low": 331.81,
      "RCP45": 367.04,
      "RCP45_high": 387.40999999999997,
      "RCP45_low": 316.33000000000004,
      "RCP85": 364.47,
      "RCP85_high": 391.29,
      "RCP85_low": 304.51
    }
  },
  "JU": {
    "Baseline": 33.23651631003898,
    "Before_Adaptation": {
      "RCP26": 41.54,
      "RCP26_high": 42.06,
      "RCP26_low": 40.72,
      "RCP45": 41.43,
      "RCP45_high": 41.94,
      "RCP45_low": 40.61,
      "RCP85": 41.35,
      "RCP85_high": 41.78,
      "RCP85_low": 40.34
    },
    "After_Adaptation": {
      "RCP26": 36.01,
      "RCP26_high": 37.41,
      "RCP26_low": 32.269999999999996,
      "RCP45": 35.6,
      "RCP45_high": 37.31,
      "RCP45_low": 30.6,
      "RCP85": 34.900000000000006,
      "RCP85_high": 37.08,
      "RCP85_low": 28.939999999999998
    }
  },
  "LU": {
    "Baseline": 108.19897083708851,
    "Before_Adaptation": {
      "RCP26": 108.3,
      "RCP26_high": 108.56,
      "RCP26_low": 107.97,
      "RCP45": 108.27000000000001,
      "RCP45_high": 108.54,
      "RCP45_low": 107.93,
      "RCP85": 108.27000000000001,
      "RCP85_high": 108.53,
      "RCP85_low": 107.89
    },
    "After_Adaptation": {
      "RCP26": 95.07,
      "RCP26_high": 97.02,
      "RCP26_low": 87.81,
      "RCP45": 94.31,
      "RCP45_high": 97,
      "RCP45_low": 83.82,
      "RCP85": 93.19999999999999,
      "RCP85_high": 96.89,
      "RCP85_low": 80.51
    }
  },
  "NE": {
    "Baseline": 11.592739217337998,
    "Before_Adaptation": {
      "RCP26": 11.6,
      "RCP26_high": 11.61,
      "RCP26_low": 11.54,
      "RCP45": 11.6,
      "RCP45_high": 11.62,
      "RCP45_low": 11.58,
      "RCP85": 11.58,
      "RCP85_high": 11.6,
      "RCP85_low": 11.54
    },
    "After_Adaptation": {
      "RCP26": 10.16,
      "RCP26_high": 10.38,
      "RCP26_low": 9.34,
      "RCP45": 10.11,
      "RCP45_high": 10.38,
      "RCP45_low": 8.99,
      "RCP85": 9.95,
      "RCP85_high": 10.36,
      "RCP85_low": 8.620000000000001
    }
  },
  "NW": {
    "Baseline": 5.5135604964507285,
    "Before_Adaptation": {
      "RCP26": 6.78,
      "RCP26_high": 6.8,
      "RCP26_low": 6.76,
      "RCP45": 6.78,