{
  "AG": {
    "Baseline": 0.0363715602972092,
    "Before_Adaptation": {
      "RCP26": 559.45,
      "RCP26_high": 734.2,
      "RCP26_low": 65.93,
      "RCP45": 666.29,
      "RCP45_high": 1103.23,
      "RCP45_low": 126.37,
      "RCP85": 724.579999999999,
      "RCP85_high": 1092.78,
      "RCP85_low": 172.43
    },
    "After_Adaptation": {
      "RCP26": 0.72,
      "RCP26_high": 0.72,
      "RCP26_low": 0.72,
      "RCP45": 0.72,
      "RCP45_high": 90.0399999999999,
      "RCP45_low": 0.72,
      "RCP85": 0.72,
      "RCP85_high": 215.82,
      "RCP85_low": 0.72
    }
  },
  "AI": {
    "Baseline": 0.366649406141119,
    "Before_Adaptation": {
      "RCP26": 0,
      "RCP26_high": 0,
      "RCP26_low": 0,
      "RCP45": 0,
      "RCP45_high": 0,
      "RCP45_low": 0,
      "RCP85": 0,
      "RCP85_high": 0,
      "RCP85_low": 0
    },
    "After_Adaptation": {
      "RCP26": 0,
      "RCP26_high": 0,
      "RCP26_low": 0,
      "RCP45": 0,
      "RCP45_high": 0,
      "RCP45_low": 0,
      "RCP85": 0,
      "RCP85_high": 0,
      "RCP85_low": 0
    }
  },
  "AR": {
    "Baseline": 0,
    "Before_Adaptation": {
      "RCP26": 0,
      "RCP26_high": 0,
      "RCP26_low": 0,
      "RCP45": 0,
      "RCP45_high": 0,
      "RCP45_low": 0,
      "RCP85": 0,
      "RCP85_high": 0,
      "RCP85_low": 0
    },
    "After_Adaptation": {
      "RCP26": 0,
      "RCP26_high": 0,
      "RCP26_low": 0,
      "RCP45": 0,
      "RCP45_high": 0,
      "RCP45_low": 0,
      "RCP85": 0,
      "RCP85_high": 0,
      "RCP85_low": 0
    }
  },
  "BA": {
    "Baseline": 0,
    "Before_Adaptation": {
      "RCP26": 28.03,
      "RCP26_high": 28.78,
      "RCP26_low": 20.73,
      "RCP45": 70.03,
      "RCP45_high": 94.16,
      "RCP45_low": 32.24,
      "RCP85": 106.1,
      "RCP85_high": 161.029999999999,
      "RCP85_low": 55.51
    },
    "After_Adaptation": {
      "RCP26": 0.24,
      "RCP26_high": 0.24,
      "RCP26_low": 0.24,
      "RCP45": 0.24,
      "RCP45_high": 0.24,
      "RCP45_low": 0.24,
      "RCP85": 0.24,
      "RCP85_high": 0.24,
      "RCP85_low": 0.24
    }
  },
  "BE": {
    "Baseline": 0.0249172910902393,
    "Before_Adaptation": {
      "RCP26": 188.71,
      "RCP26_high": 399.2,
      "RCP26_low": 83.3,
      "RCP45": 472.3,
      "RCP45_high": 868.93,
      "RCP45_low": 65.77,
      "RCP85": 491.86,
      "RCP85_high": 1080.02,
      "RCP85_low": 116.58
    },
    "After_Adaptation": {
      "RCP26": 1.46,
      "RCP26_high": 1.46,
      "RCP26_low": 1.46,
      "RCP45": 1.46,
      "RCP45_high": 1.46,
      "RCP45_low": 1.46,
      "RCP85": 1.46,
      "RCP85_high": 1.46,
      "RCP85_low": 1.46
    }
  },
  "BL": {
    "Baseline": 13.8609555680932,
    "Before_Adaptation": {
      "RCP26": 56.53,
      "RCP26_high": 65.32,
      "RCP26_low": 34.89,
      "RCP45": 100.52,
      "RCP45_high": 151.45,
      "RCP45_low": 36.23,
      "RCP85": 131.47,
      "RCP85_high": 213.21,
      "RCP85_low": 28.8699999999999
    },
    "After_Adaptation": {
      "RCP26": 0.26,
      "RCP26_high": 0.26,
      "RCP26_low": 0.26,
      "RCP45": 0.26,
      "RCP45_high": 0.26,
      "RCP45_low": 0.26,
      "RCP85": 0.26,
      "RCP85_high": 0.26,
      "RCP85_low": 0.26
    }
  },
  "FR": {
    "Baseline": 8.28553463284072,
    "Before_Adaptation": {
      "RCP26": 102.59,
      "RCP26_high": 115.68,
      "RCP26_low": 79.71,
      "RCP45": 168.11,
      "RCP45_high": 206.97,
      "RCP45_low": 98.88,
      "RCP85": 205.11,
      "RCP85_high": 298.54,
      "RCP85_low": 109.17
    },
    "After_Adaptation": {
      "RCP26": 0.24,
      "RCP26_high": 0.24,
      "RCP26_low": 0.24,
      "RCP45": 0.24,
      "RCP45_high": 0.43,
      "RCP45_low": 0.24,
      "RCP85": 2.92,
      "RCP85_high": 21.95,
      "RCP85_low": 0.24
    }
  },
  "GE": {
    "Baseline": 26.5149399321967,
    "Before_Adaptation": {
      "RCP26": 142.95,
      "RCP26_high": 173.06,
      "RCP26_low": 97.59,
      "RCP45": 261.5,
      "RCP45_high": 337.89,
      "RCP45_low": 119.66,
      "RCP85": 324.03,
      "RCP85_high": 524.54,
      "RCP85_low": 142.44
    },
    "After_Adaptation": {
      "RCP26": 0.54,
      "RCP26_high": 0.54,
      "RCP26_low": 0.54,
      "RCP45": 0.54,
      "RCP45_high": 0.54,
      "RCP45_low": 0.54,
      "RCP85": 0.54,
      "RCP85_high": 2.43,
      "RCP85_low": 0.54
    }
  },
  "GL": {
    "Baseline": 0.983473604454465,
    "Before_Adaptation": {
      "RCP26": 0,
      "RCP26_high": 0,
      "RCP26_low": 0,
      "RCP45": 0,
      "RCP45_high": 0,
      "RCP45_low": 0,
      "RCP85": 0,
      "RCP85_high": 0,
      "RCP85_low": 0
    },
    "After_Adaptation": {
      "RCP26": 0,
      "RCP26_high": 0,
      "RCP26_low": 0,
      "RCP45": 0,
      "RCP45_high": 0,
      "RCP45_low": 0,
      "RCP85": 0,
      "RCP85_high": 0,
      "RCP85_low": 0
    }
  },
  "GR": {
    "Baseline": 1.18478730224629,
    "Before_Adaptation": {
      "RCP26": 82.06,
      "RCP26_high": 107.98,
      "RCP26_low": 43.4899999999999,
      "RCP45": 144.04,
      "RCP45_high": 224.04,
      "RCP45_low": 74.9,
      "RCP85": 175.72,
      "RCP85_high": 324.75,
      "RCP85_low": 66.58
    },
    "After_Adaptation": {
      "RCP26": 0.24,
      "RCP26_high": 0.24,
      "RCP26_low": 0.24,
      "RCP45": 0.24,
      "RCP45_high": 0.24,
      "RCP45_low": 0.24,
      "RCP85": 0.24,
      "RCP85_high": 24.52,
      "RCP85_low": 0.24
    }
  },
  "JU": {
    "Baseline": 0.0900153925264322,
    "Before_Adaptation": {
      "RCP26": 0,
      "RCP26_high": 0,
      "RCP26_low": 0,
      "RCP45": 0,
      "RCP45_high": 0,
      "RCP45_low": 0,
      "RCP85": 0,
      "RCP85_high": 0,
      "RCP85_low": 0
    },
    "After_Adaptation": {
      "RCP26": 0,
      "RCP26_high": 0,
      "RCP26_low": 0,
      "RCP45": 0,
      "RCP45_high": 0,
      "RCP45_low": 0,
      "RCP85": 0,
      "RCP85_high": 0,
      "RCP85_low": 0
    }
  },
  "LU": {
    "Baseline": 2.65726153095466,
    "Before_Adaptation": {
      "RCP26": 87.65,
      "RCP26_high": 120.19,
      "RCP26_low": 42.62,
      "RCP45": 172.69,
      "RCP45_high": 268.8,
      "RCP45_low": 63.9899999999999,
      "RCP85": 204.41,
      "RCP85_high": 358.08,
      "RCP85_low": 62.69
    },
    "After_Adaptation": {
      "RCP26": 0.4,
      "RCP26_high": 0.4,
      "RCP26_low": 0.4,
      "RCP45": 0.4,
      "RCP45_high": 0.4,
      "RCP45_low": 0.4,
      "RCP85": 0.4,
      "RCP85_high": 0.679999999999999,
      "RCP85_low": 0.4
    }
  },
  "NE": {
    "Baseline": 0,
    "Before_Adaptation": {
      "RCP26": 48.17,
      "RCP26_high": 68.28,
      "RCP26_low": 30.71,
      "RCP45": 93.48,
      "RCP45_high": 150.43,
      "RCP45_low": 33.23,
      "RCP85": 103.42,
      "RCP85_high": 193.14,
      "RCP85_low": 20.39
    },
    "After_Adaptation": {
      "RCP26": 0.24,
      "RCP26_high": 0.24,
      "RCP26_low": 0.24,
      "RCP45": 0.24,
      "RCP45_high": 0.24,
      "RCP45_low": 0.24,
      "RCP85": 0.24,
      "RCP85_high": 0.24,
      "RCP85_low": 0.24
    }
  },
  "NW": {
    "Baseline": 0,
    "Before_Adaptation": {
      "RCP26": 0,
      "RCP26_high": 0,
      "RCP26_low": 0,
      "RCP45": 0,
      "RCP45_high": 0,
      "RCP45_low": 0,
      "RCP85": 0,
      "RCP85_high": 0,
      "RCP85_low": 0
    },
    "After_Adaptation": {
      "RCP26": 0,
      "RCP26_high": 0,
      "RCP26_low": 0,
      "RCP45": 0,
      "RCP45_high": 0,
      "RCP45_low": 0,
      "RCP85": 0,
      "RCP85_high": 0,
      "RCP85_low": 0
    }
  },
  "OW": {
    "Baseline": 0,
    "Before_Adaptation": {
      "RCP26": 0,
      "RCP26_high": 0,
      "RCP26_low": 0,
      "RCP45": 0,
      "RCP45_high": 0,
      "RCP45_low": 0,
      "RCP85": 0,
      "RCP85_high": 0,
      "RCP85_low": 0
    },
    "After_Adaptation": {
      "RCP26": 0,
      "RCP26_high": 0,
      "RCP26_low": 0,
      "RCP45": 0,
      "RCP45_high": 0,
      "RCP45_low": 0,
      "RCP85": 0,
      "RCP85_high": 0,
      "RCP85_low": 0
    }
  },