{
  "AG": {
    "Baseline": 39.1465784255825,
    "Before_Adaptation": {
      "RCP26": 1499.1,
      "RCP26_high": 2296.68999999999,
      "RCP26_low": 358.69,
      "RCP45": 1664.78,
      "RCP45_high": 3800.98,
      "RCP45_low": 525.09,
      "RCP85": 1890.04,
      "RCP85_high": 3543.52,
      "RCP85_low": 603.3
    },
    "After_Adaptation": {
      "RCP26": 1.38,
      "RCP26_high": 134.22,
      "RCP26_low": 1.38,
      "RCP45": 7.62,
      "RCP45_high": 415.85,
      "RCP45_low": 1.38,
      "RCP85": 5.13,
      "RCP85_high": 523.3,
      "RCP85_low": 1.38
    }
  },
  "AI": {
    "Baseline": 0.648608602525441,
    "Before_Adaptation": {
      "RCP26": 0,
      "RCP26_high": 0,
      "RCP26_low": 0,
      "RCP45": 0,
      "RCP45_high": 0,
      "RCP45_low": 0,
      "RCP85": 0,
      "RCP85_high": 0,
      "RCP85_low": 0
    },
    "After_Adaptation": {
      "RCP26": 0,
      "RCP26_high": 0,
      "RCP26_low": 0,
      "RCP45": 0,
      "RCP45_high": 0,
      "RCP45_low": 0,
      "RCP85": 0,
      "RCP85_high": 0,
      "RCP85_low": 0
    }
  },
  "AR": {
    "Baseline": 0,
    "Before_Adaptation": {
      "RCP26": 30.09,
      "RCP26_high": 35.2699999999999,
      "RCP26_low": 17.71,
      "RCP45": 52.3199999999999,
      "RCP45_high": 71.1399999999999,
      "RCP45_low": 26.13,
      "RCP85": 67.5399999999999,
      "RCP85_high": 109.36,
      "RCP85_low": 26.86
    },
    "After_Adaptation": {
      "RCP26": 0.1,
      "RCP26_high": 0.1,
      "RCP26_low": 0.1,
      "RCP45": 0.1,
      "RCP45_high": 0.1,
      "RCP45_low": 0.1,
      "RCP85": 0.12,
      "RCP85_high": 0.76,
      "RCP85_low": 0.1
    }
  },
  "BA": {
    "Baseline": 24.3536123210578,
    "Before_Adaptation": {
      "RCP26": 131.48,
      "RCP26_high": 149.43,
      "RCP26_low": 102.78,
      "RCP45": 294.35,
      "RCP45_high": 415.28,
      "RCP45_low": 157.05,
      "RCP85": 444.78,
      "RCP85_high": 741.51,
      "RCP85_low": 267.37
    },
    "After_Adaptation": {
      "RCP26": 0.74,
      "RCP26_high": 0.74,
      "RCP26_low": 0.74,
      "RCP45": 0.74,
      "RCP45_high": 0.78,
      "RCP45_low": 0.74,
      "RCP85": 11.67,
      "RCP85_high": 38.92,
      "RCP85_low": 4.16
    }
  },
  "BE": {
    "Baseline": 2596.52741214801,
    "Before_Adaptation": {
      "RCP26": 3353.96,
      "RCP26_high": 10509.97,
      "RCP26_low": 1018.9,
      "RCP45": 4128.25,
      "RCP45_high": 13170.04,
      "RCP45_low": 1096.93,
      "RCP85": 6723.6,
      "RCP85_high": 18986.37,
      "RCP85_low": 1986.54
    },
    "After_Adaptation": {
      "RCP26": 292.21,
      "RCP26_high": 4720.11,
      "RCP26_low": 3.32,
      "RCP45": 569.52,
      "RCP45_high": 6354.01,
      "RCP45_low": 3.32,
      "RCP85": 1244.22,
      "RCP85_high": 9897.97,
      "RCP85_low": 3.32
    }
  },
  "BL": {
    "Baseline": 13.1666865548476,
    "Before_Adaptation": {
      "RCP26": 108.03,
      "RCP26_high": 125.22,
      "RCP26_low": 75.2,
      "RCP45": 272.1,
      "RCP45_high": 364.97,
      "RCP45_low": 93.93,
      "RCP85": 318.04,
      "RCP85_high": 566.26,
      "RCP85_low": 138.26
    },
    "After_Adaptation": {
      "RCP26": 0.68,
      "RCP26_high": 0.68,
      "RCP26_low": 0.68,
      "RCP45": 0.68,
      "RCP45_high": 0.68,
      "RCP45_low": 0.68,
      "RCP85": 0.82,
      "RCP85_high": 1.97,
      "RCP85_low": 0.68
    }
  },
  "FR": {
    "Baseline": 0.297875147716912,
    "Before_Adaptation": {
      "RCP26": 173.04,
      "RCP26_high": 233.82,
      "RCP26_low": 103.1,
      "RCP45": 273.85,
      "RCP45_high": 407.02,
      "RCP45_low": 117.289999999999,
      "RCP85": 304.23,
      "RCP85_high": 504.97,
      "RCP85_low": 127.229999999999
    },
    "After_Adaptation": {
      "RCP26": 0.52,
      "RCP26_high": 0.52,
      "RCP26_low": 0.52,
      "RCP45": 0.52,
      "RCP45_high": 0.52,
      "RCP45_low": 0.52,
      "RCP85": 0.52,
      "RCP85_high": 5.42,
      "RCP85_low": 0.51
    }
  },
  "GE": {
    "Baseline": 17.8341473508271,
    "Before_Adaptation": {
      "RCP26": 267.659999999999,
      "RCP26_high": 326.039999999999,
      "RCP26_low": 181.4,
      "RCP45": 520.03,
      "RCP45_high": 687.63,
      "RCP45_low": 226.86,
      "RCP85": 634.14,
      "RCP85_high": 985.75,
      "RCP85_low": 245.65
    },
    "After_Adaptation": {
      "RCP26": 1.06,
      "RCP26_high": 1.06,
      "RCP26_low": 1.06,
      "RCP45": 1.06,
      "RCP45_high": 1.06,
      "RCP45_low": 1.06,
      "RCP85": 1.06,
      "RCP85_high": 3.30999999999999,
      "RCP85_low": 1.06
    }
  },
  "GL": {
    "Baseline": 0,
    "Before_Adaptation": {
      "RCP26": 29.86,
      "RCP26_high": 37.51,
      "RCP26_low": 15.36,
      "RCP45": 53.86,
      "RCP45_high": 86.64,
      "RCP45_low": 30.43,
      "RCP85": 66.08,
      "RCP85_high": 124.34,
      "RCP85_low": 26.39
    },
    "After_Adaptation": {
      "RCP26": 0.1,
      "RCP26_high": 0.1,
      "RCP26_low": 0.1,
      "RCP45": 0.1,
      "RCP45_high": 0.1,
      "RCP45_low": 0.1,
      "RCP85": 0.1,
      "RCP85_high": 6.69,
      "RCP85_low": 0.1
    }
  },
  "GR": {
    "Baseline": 5.0254816802399,
    "Before_Adaptation": {
      "RCP26": 195.79,
      "RCP26_high": 226.89,
      "RCP26_low": 130.94,
      "RCP45": 348.59,
      "RCP45_high": 471.97,
      "RCP45_low": 175.12,
      "RCP85": 432.51,
      "RCP85_high": 740.569999999999,
      "RCP85_low": 185.55
    },
    "After_Adaptation": {
      "RCP26": 0.52,
      "RCP26_high": 0.52,
      "RCP26_low": 0.52,
      "RCP45": 0.52,
      "RCP45_high": 1.26,
      "RCP45_low": 0.52,
      "RCP85": 7.02,
      "RCP85_high": 80.5399999999999,
      "RCP85_low": 0.52
    }
  },
  "JU": {
    "Baseline": 0,
    "Before_Adaptation": {
      "RCP26": 33.72,
      "RCP26_high": 50.39,
      "RCP26_low": 6.92,
      "RCP45": 52.97,
      "RCP45_high": 79.62,
      "RCP45_low": 9.96,
      "RCP85": 64.1,
      "RCP85_high": 97.91,
      "RCP85_low": 18.79
    },
    "After_Adaptation": {
      "RCP26": 0.12,
      "RCP26_high": 0.12,
      "RCP26_low": 0.12,
      "RCP45": 0.12,
      "RCP45_high": 0.12,
      "RCP45_low": 0.12,
      "RCP85": 0.12,
      "RCP85_high": 0.12,
      "RCP85_low": 0.12
    }
  },
  "LU": {
    "Baseline": 41.0350885174528,
    "Before_Adaptation": {
      "RCP26": 261.8,
      "RCP26_high": 287.65,
      "RCP26_low": 159.04,
      "RCP45": 494.26,
      "RCP45_high": 660.38,
      "RCP45_low": 313.45,
      "RCP85": 665.24,
      "RCP85_high": 1061.48,
      "RCP85_low": 374.62
    },
    "After_Adaptation": {
      "RCP26": 0.86,
      "RCP26_high": 0.86,
      "RCP26_low": 0.86,
      "RCP45": 1.86,
      "RCP45_high": 7.38,
      "RCP45_low": 0.98,
      "RCP85": 11.7099999999999,
      "RCP85_high": 80.63,
      "RCP85_low": 4.97
    }
  },
  "NE": {
    "Baseline": 29.4776614589041,
    "Before_Adaptation": {
      "RCP26": 183.37,
      "RCP26_high": 231.31,
      "RCP26_low": 81.95,
      "RCP45": 285.21,
      "RCP45_high": 402.169999999999,
      "RCP45_low": 92.4799999999999,
      "RCP85": 358.39,
      "RCP85_high": 541.22,
      "RCP85_low": 89.76
    },
    "After_Adaptation": {
      "RCP26": 0.5,
      "RCP26_high": 0.5,
      "RCP26_low": 0.5,
      "RCP45": 0.5,
      "RCP45_high": 0.5,
      "RCP45_low": 0.5,
      "RCP85": 0.49,
      "RCP85_high": 12.79,
      "RCP85_low": 0.5
    }
  },
  "NW": {
    "Baseline": 7.96897104212451,
    "Before_Adaptation": {
      "RCP26": 0,
      "RCP26_high": 0,
      "RCP26_low": 0,
      "RCP45": 0,
      "RCP45_high": 0,
      "RCP45_low": 0,
      "RCP85": 0,
      "RCP85_high": 0,
      "RCP85_low": 0
    },
    "After_Adaptation": {
      "RCP26": 0,
      "RCP26_high": 0,
      "RCP26_low": 0,
      "RCP45": 0,
      "RCP45_high": 0,
      "RCP45_low": 0,
      "RCP85": 0,
      "RCP85_high": 0,
      "RCP85_low": 0
    }
  },
  "OW": {
    "Baseline": 0.645953303584406,
    "Before_Adaptation": {
      "RCP26": 0,
      "RCP26_high": 0,
      "RCP26_low": 0,
      "RCP45": 0,